<?IS10744:arch name="xsa"?>
<!DOCTYPE HTML PUBLIC "-//W3C//DTD HTML 4.0 Transitional//EN" "">
<HTML>
<HEAD>
  <TITLE>xmlproc: A Python XML parser</TITLE>
  <META xsa="last-release" VALUE="19980718"/>
</HEAD>

<BODY>

<H1><SPAN xsa="name">xmlproc</SPAN>: A Python XML parser</H1>

<TABLE>
<TR><TH ALIGN="left">Version:   </TH><TD><SPAN xsa="version">0.50</SPAN></TD></TR>
<TR><TH ALIGN="left">Author:    </TH><TD><SPAN xsa="vendor-name">Lars Marius Garshol</SPAN></TD></TR>
<TR><TH ALIGN="left">Email:     </TH><TD><SPAN xsa="vendor-email">larsga@ifi.uio.no</SPAN></TD></TR>
<TR><TH ALIGN="left">Released:  </TH><TD>18.Jul.98</TD></TR>
</TABLE>
</BODY>
</HTML>
