<?xml version="1.0" encoding="UTF-8"?>
<!DOCTYPE addressbook SYSTEM "addressbook.dtd" >
<?xml:stylesheet type="text/xsl" href="demo.xsl"?>
<addressbook>
  <person employee-number="A0000" family-name="Gates" first-name="Bob">
    <contact-info>
      <!--Confidential-->
    </contact-info>
    <address city="Los Angeles" street="Pine Rd." number="1239" state="CA"/>
    <job-info is-manager="no" job-description="Manager" employee-type="Full-Time"/>
    <manager employee-number="A0000"/>
  </person>
  <person employee-number="A7000" family-name="Brown" first-name="Robert" middle-initial="L.">
    <contact-info>
      <email address="robb@iro.ibm.com"/>
      <home-phone number="03-3987873"/>
    </contact-info>
    <address city="New York" street="118 St." number="344" state="NY"/>
    <job-info is-manager="yes" job-description="Group Leader" employee-type="Full-Time"/>
    <manager employee-number="A0000"/>
  </person>
  <person employee-number="A7890" family-name="DePaiva" first-name="Kassie" middle-initial="W.">
    <contact-info>
      <!-- Kassie's agent phone: 03-987654 -->
    </contact-info>
    <address city="Los Angeles" street="Pine Rd." number="1234" state="CA"/>
    <job-info is-manager="no" job-description="Actor" employee-type="Full-Time"/>
    <manager employee-number="A0000"/>
    <misc-info>One of the <ital>most</ital> talented actresses on Daytime.
Kassie plays the devious and beautiful Blair
Cramer on ABC's "One Life To Live."</misc-info>
  </person>
  <person employee-number="A7987" family-name="Smith" first-name="Joe">
    <contact-info>
      <email address="joes@iro.ibm.com"/>
      <mobile-phone number="888-7657765"/>
      <home-phone number="03-8767898"/>
      <home-phone number="03-8767871"/>
    </contact-info>
    <address city="New York" street="W. 15th Ave." number="12789" state="NY"/>
    <job-info is-manager="no" job-description="Hacker" employee-type="Part-Time"/>
    <manager employee-number="A7000"/>
    <misc-info>Still hoping to break into acting part-time</misc-info>
  </person>
</addressbook>
