<?xml version="1.0"?>
<!DOCTYPE tutorial SYSTEM "../dwtut.dtd">
<tutorial filename="Haskell.xml" img="Lambda.gif">

<title>Beginning with the Haskell Programming Language</title>

<section><title>About the Tutorial</title>

<panel><title>Navigation</title>
<body>
<text-column>

<p>Navigating through the tutorial is easy:</p>

<ul>
  <li>Use the Next and Previous buttons to move forward and
backward.</li>
  <li>Use the Menu button to return to the tutorial menu.</li>
  <li>If you'd like to tell us what you think, use the Feedback
button.</li>
  <li>If you need help with the tutorial, use the Help button.</li>
</ul>

</text-column>
</body>
</panel>

<panel>
<title>Is this tutorial right for you?</title>
<body>
<text-column>

<p>This tutorial targets programmers of <i>imperative</i> languages wanting to learn about <i>functional programming</i> in the language Haskell.  Many users of imperative languages have given little thought to what it means to program in an imperative (also called "procedural") language, and some will be unaware that other <i>paradigms</i> of programming exist at all.  If you have programmed in languages such as C, Pascal, Fortran, C++, Java, Cobol, Ada, Perl, TCL, REXX, JavaScript, Visual Basic, or many others, you have been using an imperative paradigm.  This tutorial provides a gentle introduction to the paradigm of functional programming, with specific illustrations in the Haskell 98 language.</p>

<p>Programmers with a background in functional programming will probably find this tutorial a bit slow; however, programmers who have not used Haskell 98 in particular can still get a quick sense of the language by browsing the tutorial.</p>

</text-column>
</body>
</panel>

<panel>
<title>About Haskell</title>
<body>
<text-column>

<p>Haskell is just one of a number of functional programming languages.  Others include Lisp, Scheme, Erlang, Clean, Mercury, ML, OCaml, and others.  The common adjunct languages SQL and XSL are also functional.  Like functional languages, <i>logical</i> or <i>constraint-based</i> languages like Prolog are <i>declarative</i>.  In contrast, both <i>procedural</i> and <i>object-oriented languages</i> are (broadly speaking) <i>imperative</i>.  Some languages, such as Python, Scheme, Perl, and Ruby, cross these paradigm boundaries; but, for the most part, programming languages have a particular primary focus.</p>

<p>Among functional languages, Haskell is in many ways the most idealized language.  Haskell is a <i>pure</i> functional language, which means it eschews all side effects (more later).  Haskell has a <i>non-strict</i> or <i>lazy</i> evaluation model, and is <i>strictly typed</i> (but with types that allow ad hoc polymorphism).  Other functional languages differ in each of these features--for reasons important to their design philosophies--but this collection of features brings one, arguably, farthest into the functional way of thinking about programs.</p>

<p>On a minor note, Haskell is syntactically easier to get a handle on than are the Lisp-derived languages (especially for programmers who have used lightly punctuated languages like Python, TCL and REXX).  Most operators are infixed rather than prefixed.  Indentation and module organization <i>looks</i> pretty familiar.  And perhaps most strikingly, the extreme depth of nested parentheses (as seen in Lisp) is avoided.</p>

</text-column>
</body>
</panel>

<panel>
<title>Obtaining Haskell</title>
<body>
<text-column>

<p>Haskell has several implementations for multiple platforms.  These include both an interpreted version called <i>Hugs</i>, and several Haskell compilers.  The best starting place for all of these is <a href="http://www.haskell.org">Haskell.org</a>.  Links lead to various Haskell implementation.  Depending on your operating system, and its packaging system, Haskell may have already been installed, or there may be a standard way to install a ready-to-run version.  I recommend those taking this tutorial obtain Hugs for purposes of initial experimentation, and for working along with this tutorial, if you wish to do so. </p>

</text-column>
</body>
</panel>

<panel>
<title>Additional reading</title>
<body>
<text-column>

<p>Two recent books on Haskell bear particular recommendation for readers wishing to learn more.</p>

<ul>
  <li><i>Haskell: The Craft of Functional Programming</i> (Second Edition).  Simon Thompson.  Addison-Wesley.  1999.</li>
  <li><i>The Haskell School of Expression: Learning Functional Programming through Multimedia</i>.  Paul Hudak.  Cambridge University Press.  2000.</li>
</ul>

</text-column>
</body>
</panel>

<panel>
<title>What's not covered</title>
<body>
<text-column>

<p>Unfortunately, in an introductory tutorial, many of Haskell's most powerful--but complex--features cannot be covered.  In particular, the whole area of <i>type classes</i> and <i>algebraic types</i> (including <i>abstract data types</i>) is a bit too much for a first introduction.  For readers whose interest is piqued, it is enough to mention that Haskell allows you to create your own data types, and to inherit properties of those data types in <i>type instances</i>.  The Haskell type system contains the fundamental features of object-oriented programming (inheritance, polymorphism, encapsulation); but in a way that is almost impossible to grasp within a C++/Java/Smalltalk/Eiffel style of thinking.</p>

<p>The other significant element omitted is a discussion of monads, and therefore of I/O.  It seems strange to write a tutorial that does not even start with a "Hello World!" program, but thinking in a functional style requires a number of shifts.  While that "Hello World!" is quite simple, it also involves the mini "pseudo-imperative" world of monads.  It would be easy for a beginner to be lulled in by the pseudo-imperative style of I/O, and miss what is really going on.  Swimming is best learned by getting in the water.</p>

</text-column>
</body>
</panel>

<panel>
<title>Contact</title>
<body>
<text-column>

<p>David Mertz is a writer, a programmer, and a teacher, who always endeavors to improve his communication to readers (and tutorial takers). He welcomes any comments; please direct
them to <a href="mailto:mertz@gnosis.cx">mertz@gnosis.cx</a>.</p>
</text-column>
</body>
</panel>
</section>

<section>
<title>Taking the Vows</title>

<panel>
<title>Giving things up</title>
<body>
<text-column>

<p>The most difficult part of starting to program with Haskell is giving up many of the most familiar techniques and ways of thinking within imperative programming.  A first impression is often that it must simply be impossible to write a computer program if you cannot do X, Y, or Z, especially since X, Y, and Z are some of the most common patterns in "normal" imperative programming.  In this section, let's review a few of the most "shocking" features of Haskell (and of functional programming in general, for the most part).</p>

</text-column>
</body>
</panel>

<panel>
<title>No mutable variables</title>
<body>
<text-column>

<p>One of the most common programming habits in imperative programming is to assign a variable one value, then assign it a different value; perhaps along the way we test whether the variable has obtained certain key values.  Constructs like the C examples below are ubiquitous (other imperative languages are similar):</p>

<code-listing>if (myVar==37) {...}
myVar += 2
for (myVar=0; myVar&lt;37; myVar++) {...}</code-listing>

<p>In Haskell, by contrast, variables of this sort do not exist at all.  A name can be bound to a value, but once assigned, the name simply stands for that value throughout the program.  Nothing is allowed to change.</p>

<p>In Haskell, "variables" are much like the variables in mathematical equations.  They may need to satisfy certain rules, but they are not "counters" or "containers" in the style of imperative programming.  Just to get headed in the right way of thinking, consider some linear equations like the ones below as an inspiration:</p>

<code-listing>10x + 5y - 7z  + 1 = 0
17x + 5y - 10z + 3 = 0 
 5x - 4y + 3z  - 6 = 0</code-listing>

<p>In this type of description, we have "unknowns," but the unknowns do not change their value while we are figuring them out.</p>

</text-column>
</body>
</panel>

<panel>
<title>Isolate side effects</title>
<body>
<text-column>

<p>In Haskell, function computation cannot have side effects within the program.  Most of the side effects in imperative programs are probably the sort of variable reassignment mentioned in the last panel (whether global variables, or local, or dictionaries, lists, or other storage structures), but every I/O event is also a sort of side-effect.  I/O <i>changes the world</i> rather than being part of a computation per se.  Naturally, there are many times when what you want to do is change the world in some manner (if not, you cannot even know a program has run).  Haskell circumscribes all such side effects within a very narrow "box" called <code>Monadic IO</code>.  Nothing in a monad can get out, and nothing outside a monad can get in.</p>

<p>Often, structured imperative programming approaches functional programming’s goals of circumscribing I/O.  Good design might require that input and output only happens in a limited set of appropriately named functions.  Less structured programming tends to read and write to STDIO, files, graphic devices, etc., all over the place and in a way that is difficult to predict.  Functional programming takes the circumscription to a much higher level.</p>

</text-column>
</body>
</panel>

<panel>
<title>No loops</title>
<body>
<text-column>

<p>Another interesting feature of Haskell is its lack of any <i>loop</i> construct.  There is no <code>for</code> and no <code>while</code>.  There is no <code>GOTO</code> or <code>branch</code> or <code>jmp</code> or <code>break</code>.  One would almost think it impossible to control what a program does without such basic (imperative) constructs; but getting rid of these things is actually quite liberating.</p>

<p>The lack of loops is really the same as the matter of no side effects.  Since one pass through a loop cannot have variables with different values than another pass, there is nothing to distinguish them; and the need to branch is usually in order to <i>do</i> a different program activity.  Since functional programming doesn't have <i>activities</i>, but only, <i>definitions</i>, why bother branching.</p>

<p>However, I should try to stay honest about things.  It actually proves possible to simulate almost all of the usual loop constructs, often using the same keywords as in other languages, and in a style that looks surprisingly similar to imperative constructs.  Simon Thompson provides many examples of this in his book (see Additional reading).</p>

</text-column>
</body>
</panel>

<panel>
<title>No program order</title>
<body>
<text-column>

<p>Another thing Haskell lacks--or does not need--is program order.  The set of definitions that make up a program can occur in any order whatsoever.  This might seem strange when definitions look a great deal like assignments in imperative languages.  For example, this might seem like a problem:</p>

<code-listing><comment>-- Program excerpt</comment>
j = 1+i
i = 5

<comment>-- Hugs session after loading above program
--   Main&gt; i
--   5 :: Integer
--   Main&gt; j
--   6 :: Integer</comment></code-listing>

<p>The thing to understand in a program like the one above is that <code>i</code> and <code>j</code> are not <i>assigned</i> values, but are rather <i>defined</i> in the manners given.  In fact, even in the above, <code>i</code> and <code>j</code> are functions, and the examples above are of function definitions.  In many imperative programming languages, you are also not allowed to define functions multiple times (at least in the same scope).</p>

</text-column>
</body>
</panel>
</section>

<section>
<title>A New Expressiveness</title>

<panel>
<title>What's in a Haskell program?</title>
<body>
<example-column>

<code-listing>myNum :: Int                 <comment>-- int myNum() {</comment>
myNum = 12+13                <comment>--   return 12+13; }</comment>

square :: Int -&gt; Int         <comment>-- int square(int n) {</comment>
square n = n*n               <comment>--   return n*n;  }</comment>

double :: Int -&gt; Int         <comment>-- int double(int n) {</comment>
double n = 2*n               <comment>--   return 2*n;  }</comment>

dubSqr :: Int -&gt; Int         <comment>-- int dubSqr(int n) {</comment> 
dubSqr n = square (double n) <comment>--   return square(double(n)); }</comment></code-listing>

</example-column>

<text-column>

<p>A Haskell program consists, basically, of a set of function definitions.  Functions are bound to names in a manner that looks very similar to variable assignment in other languages.  However, it really is not the same thing; a Haskell bound name is much more similar to a binding in a mathematical proof, where we might say "Let tau refer to the equation . . ."  A name binding just provides a shorthand for later use of an equation, but the name can only be bound a single time within a program--trying to change it generates a program error. </p>

</text-column>
</body>
</panel>

<panel>
<title>Defining functions</title>
<body>
<example-column>

<code-listing>example :: Int
example = double (myNum - square (2+2))

dubSqr2 :: Int -&gt; Int
dubSqr2 = square . double           <comment>-- Function composition</comment></code-listing>

</example-column>

<text-column>

<p>There are (optionally) two parts to a function definition.  The first part (conceptually, not necessarily within a listing) is the type signature of a function.  In a function, the type signature defines all the types of the input, and the type of the output.  Some analogous C definitions are given in the end-of-line comments  in the example.</p>

<p>The second part of a function definition is the actual computation of the function.  In this second part, often (but not always) some ad hoc variables are provided to the left of the equal sign that are involved in the computation to the right.  Unlike variables in C, however--and much like variables in mathematics--the Haskell variables refer to the exact same "unknown quantity" on both sides of the equal sign (not to a "container" where a value is held).</p>

<p>It is also often possible to bypass explicit naming of variables entirely in function definitions.  In <code>dubSqr2</code>, it is enough to say that we should <code>square</code> whatever thing is <code>double</code>'d.  For this, there is no need to mention a variable name since the thing <code>dubSqr2</code>'d is just whatever expression follows the bound name in later expressions.  Of course, <code>double</code> must itself take the same type of input <code>dubSqr2</code>  expects, and in turn output the type of output <code>square</code> needs as input.</p>

</text-column></body>
</panel>

<panel>
<title>More simple function definitions</title>
<body>
<example-column>

<code-listing><comment>-- Average of three Integers as floating point</comment>
averageThree :: Int -&gt; Int -&gt; Int -&gt; Float     
averageThree l m n = fromInt(l+m+n) / 3
                  <comment>-- float averageThree(int l, int m, int n) {
                  --   return ((float)(l+m+n))/3; }</comment>

difSquare x y = (x-y)^2      <comment>-- C lacks polymorphic type inference</comment></code-listing></example-column><text-column>

<p>Much as in C, Haskell is rigidly typed.  The <code>averageThree</code> is a good example of a function that requires type coercion in order to return the right value type.  However, the <code>difSquare</code> function shows something distinct to Haskell.    <code>difSquare</code> has no type signature, so Haskell will <i>infer</i> the appropriate type signature from the operations involved in the function definition.  At first appearance this might seem to be the same thing that dynamically or loosely typed languages do; but what Haskell does is quite different.  <code>difSquare</code> is rigidly typed at compile time--there is no runtime dynamism to this, but the type of <code>difSquare</code> has a <i>Type Class</i> that includes both integers and floats (and also rationals, complex numbers, etc.).  We can find the inferred type within Hugs:</p>

<code-listing>Main&gt; :type difSquare
difSquare :: Num a =&gt; a -&gt; a -&gt; a</code-listing>

<p>That is, both of the input arguments, as well as the output, are inferred to have the Type Class <code>Num</code>.  Had we explicitly declared a type like <code>Int</code>, the function would operate over a narrower range of values (which is good or bad, depending on our needs).</p>

</text-column>
</body>
</panel>

<panel>
<title>Recursion</title>
<body>
<example-column>

<code-listing><comment>-- Factorial by primitive recursion on decreasing num</comment>
fac1 :: Int -&gt; Int
fac1 n = if n==1 then 1 else (n * fac1 (n-1))

<comment>-- Factorial by primitive recursion on list tail</comment>
fac2 :: Int -&gt; Int
fac2 n = prodList [1 .. n]
prodList lst =
    if (length lst)==1 then head lst
                       else head lst*(prodList (tail lst))</code-listing></example-column>

<text-column>

<p>Absent loop structures, flow in Haskell programs is usually expressed as recursion.  Thinking about all flow in terms of recursion takes some work, but it turns out to be just as expressive and powerful as the <code>while</code> and <code>for</code> constructs in other languages.</p>

<p>The trick to recursion is that we would like it to terminate eventually (at least we usually do).  One way to guarantee termination of recursion is to use <i>primitive recursion</i>.  This amounts to taking a "thing" to recurse on, and making sure that the next call is closer to a terminal condition than the call that got us here.  In practice, we can assure this either by decrementing an integer for each call (and terminating at zero, or some other goal), or by taking only the <code>tail</code> of a list for each successive call (and terminating at an empty list).   Both versions of factorial listed in the example assume they will be passed an integer greater than zero (and will fail otherwise; exercise: how?).</p>

<p>Non-primitive recursion also exists, but it is more difficult to know for sure that a recursion will terminate.  As well, mutual recursion between functions is allowed (and frequently encountered), but primitive recursion is still the safest and most common form.</p>

</text-column>
</body>
</panel>

<panel>
<title>Pattern matching</title>
<body>
<example-column>

<code-listing>prodLst2 [] = 0      <comment>-- Return 0 as product of empty list</comment>
prodLst2 [x] = x     <comment>-- Return elem as prod of one-elem list</comment>
prodLst2 (x:xs) = x * prodLst2 xs

third (a,b,c,d) = c     <comment>-- The third item of a four item tuple</comment>
three = third (1,2,3,4) <comment>-- 'three' is 3</comment>

<comment>-- Is a sequence a sub-sequence of another sequence?</comment>
isSubseq [] _       = True
isSubseq _ []       = False
isSubseq lst (x:xs) = (lst==start) || isSubseq lst xs
  where start = take (length lst) (x:xs)</code-listing>

</example-column>

<text-column>

<p>In functional programming, we are "more concerned with how something is defined than with the specifics of how it is calculated" (take this motto with a grain of salt, however, efficiency still matters in some cases).  The idea is that it is a compiler or interpreter's job to figure out how to reach a solution, not the programmer's.</p>

<p>One useful way of specifying how a function is defined is to describe what results it will return given different types of inputs.  A powerful way of describing "different types of inputs" in Haskell is using <i>pattern matching</i>.  We can provide multiple definitions of a function, each having a particular pattern for input arguments.  The first listed definition that succeeds in matching a given function call is the one used for that call. In this manner, you can pull out the head and tail of a list, match specific input values, identify empty lists as arguments (for recursion usually), and analyze other patterns.  You cannot, however, perform value comparisons with pattern matching (e.g., "<code>n &lt;= 3</code>" must be detected differently).  An underscore is used in a position where something should match, but where the matched value is not used in the definition.</p>

</text-column>
</body>
</panel>

<panel>
<title>Guards</title>
<body>
<example-column>

<code-listing>prodLst3 lst        <comment>-- Guard version of list product</comment>
  | length lst==0   = 0
  | length lst==1   = head lst
  | otherwise       = head lst * prodLst3 (tail lst) 

<comment>-- A sublist is a string that occurs in order, but not
-- necessarily contiguously in another list
</comment>isSublist [] _               = True
isSublist _ []               = False
isSublist (e:es) (x:xs)
  | e==x &amp;&amp; isSublist es xs  = True
  | otherwise                = isSublist (e:es) xs</code-listing>

</example-column>

<text-column>

<p>Somewhat analogous to pattern matching, and also similar to <code>if .. then .. else</code>, constructs (which we saw examples of earlier) are <i>guards</i> in function definitions.  A guard is simply a condition that might obtain, and a definition of a function that pertains in that case.  Anything that could be stated with pattern matching can also be rephrased into a guard, but guards allow additional tests to be used as well.  Whichever guard matches first (in the order listed) becomes the definition of the function for the particular application (other guards might match also, but they are not used for a call if listed later).</p>

<p>In terms of efficiency, pattern matching is usually best, when possible.  It is often possible to combine guards with pattern matching, as in the <code>isSublist</code> example.</p>

</text-column>
</body>
</panel>

<panel>
<title>List comprehensions</title>
<body>
<example-column>

<code-listing><comment>-- Odd little list of even i's, multiple-of-three j's, 
-- and their product; but limited to i,j elements 
-- whose sum is divisible by seven.
</comment>myLst :: [(Int,Int,Int)]
myLst = [(i,j,i*j) | i &lt;- [2,4..100],
                     j &lt;- [3,6..100],
                     0==((i+j) `rem` 7)]

<comment>-- Quick sort algorithm with list comp and pattern matching
-- '++' is the list concatenation operator; we recurse on both
-- the list of "small" elements and the list of "big" elements
</comment>qsort [] = []
qsort (x:xs) = qsort [y | y&lt;-xs, y&lt;=x] ++ [x] ++ qsort [y | y&lt;-xs, y&gt;x]</code-listing>

</example-column>

<text-column>

<p>One of the most powerful constructs in Haskell is <i>list comprehensions</i> (for mathematicians: this term comes from the "Axiom of Comprehension" of Zermelo-Frankel set theory).  Like other functional languages, Haskell builds a lot of power on top of manipulation of lists.  In Haskell, however, it is possible to generate a list in a compact form that simply states where the list elements come from and what criteria elements meet.   Lists described with list comprehensions must be generated from other starting lists; but fortunately, Haskell also provides a quick "enumeration" syntax to specify starting lists.</p>

</text-column>
</body>
</panel>

<panel>
<title>Lazy evaluation I</title>
<body>
<example-column>

<code-listing>f x y = x+y             <comment>-- Non-lazy function definition</comment>
comp1 = f (4*5) (17-12) <comment>-- Must compute arg vals in full</comment>

g x y = x+37            <comment>-- Lazy function definition</comment>
comp2 = g (4*5) (17-12) <comment>-- '17-12' is never computed

-- Lazy guards and patterns
-- Find the product of head of three lists</comment>
prodHeads :: [Int] -&gt; [Int] -&gt; [Int] -&gt; Int
prodHeads [] _ _ = 0    <comment>-- empty list gives zero product</comment>
prodHeads _ [] _ = 0
prodHeads _ _ [] = 0
prodHeads (x:xs) (y:ys) (z:zs) = x*y*z
<comment>-- Nothing computed because empty list matched</comment>
comp3 = prodHeads [1..100] [] [n | n &lt;- [1..1000], (n `rem` 37)==0]
<comment>-- Only first elem of first and third list computed by lazy evaluation</comment>
comp4 = prodHeads [1..100] [55] [n | n &lt;- [1..1000], (n `rem` 37)==0]
</code-listing>

</example-column>

<text-column>
<p>In imperative languages--and also in some functional languages--expression evaluation is strict and immediate.  If you write <code>x = y+z;</code> in C, for example, you are telling the computer to perform a computation and put a value into the memory called 'x' <i>right now</i>! (whenever the code is encountered).  In Haskell, by contrast, evaluation is <i>lazy</i>--expressions are only evaluated when, and as much, as they need to be (in fairness, C does include shortcutting of Boolean expressions which is a minor kind of laziness).  The definitions of <code>f</code> and <code>g</code> in the example show a simple form of the difference.</p>

<p>While a function like <code>g</code> is somewhat silly, since <code>y</code> is just not used, functions with pattern matching or guards will very often use particular arguments only in certain circumstances.  If some arguments have certain properties, those or other arguments might not be necessary for a given computation.  In such cases, the needless computations are not performed.  Furthermore, when lists are expressed in computational ways (list comprehensions and enumeration ellipsis form), only as many list elements as are actually utilized are actually calculated.</p>

</text-column>
</body>
</panel>

<panel>
<title>Lazy evaluation II</title>
<body>
<example-column>

<code-listing><comment>-- Define a list of ALL the prime numbers</comment>
primes :: [Int]
primes = sieve [2 .. ]   <comment>-- Sieve of Eratosthenes</comment>
sieve (x:xs) = x : sieve [y | y &lt;- xs, (y `rem` x)/=0]

<comment>-- Given an ordered list and a thing, is the thing in the list?</comment>
memberOrd :: Ord a =&gt; [a] -&gt; a -&gt; Bool
memberOrd (x:xs) n
  | x&lt;n        = memberOrd xs n
  | x==n       = True
  | otherwise  = False

isPrime n = memberOrd primes n 
<comment>-- 'isPrime 37' is True
-- 'isPrime 427' is False</comment></code-listing>

</example-column>

<text-column>

<p>A truly remarkable thing about Haskell--and about lazy evaluation--is that it is possible to work with <i>infinite</i> lists.  Not just large ones, but actual infinities! The trick, of course, is that those parts of the list which are unnecessary for a particular calculation are not calculated explicitly (just the rule for their expansion is kept by the runtime environment).</p>

<p>A famous and ancient algorithm for finding prime numbers is the Sieve of Eratosthenes.  The idea here is to keep an initial element of the list of integers, but strike off all of its multiples as possible primes.  The example does this, but is performed only as far as needed for a specific calculation.  The list <code>primes</code>, however, really is exactly the list of <b>all</b> the prime numbers!</p>

</text-column>
</body>
</panel>

<panel>
<title>First class functions (passing functions)</title>
<body>
<example-column>

<code-listing><comment>-- Quick sort algorithm with arbitrary comparison function</comment>
qsortF :: (a -&gt; a -&gt; Bool) -&gt; [a] -&gt; [a]
qsortF f [] = []
qsortF f (x:xs) = qsortF f [y | y&lt;-xs, f y x] ++
                  [x] ++
                  qsortF f [y | y&lt;-xs, not (f y x)]

<comment>-- Comparison func that alphabetizes from last letter back</comment>
tailComp :: String -&gt; String -&gt; Bool
tailComp s t = reverse s &lt; reverse t

<comment>-- List of sample words
</comment>myWords = ["foo", "bar", "baz", "fubar", "bat"]

<comment>-- tOrd is ["foo","bar","fubar","bat","baz"]</comment>
tOrd = qsortF tailComp myWords
<comment>-- hOrd is ["bar","bat","baz","foo","fubar"]</comment>
hOrd = qsortF (&lt;) myWords</code-listing></example-column><text-column>

<p>A powerful feature of Haskell (as with all functional programming) is that functions are <i>first class</i>.  What the first class status of functions means is that functions are themselves simply values.  Just as you might pass an integer as an argument to a function, in Haskell you can pass another function to a function.  To a limited extent, you can do the same with function pointers in a language like C, but Haskell is far more versatile.</p>

<p>The power of Haskell's first class functions lies largely in Haskell's type checking system.  In C, one might write a "quicksort" function that accepted a function pointer as an argument, much as in the Haskell example.  However, in C you would have no easy way to make sure that the function (pointed to) had the correct <i>type signature</i>.  That is, whatever function serves as an argument to <code>qsortF</code> must take two arguments of the same type ("a" stands for a generic type) and produce a <code>Bool</code> result.  Naturally, the list passed as the second argument to <code>qsortF</code> must also be of the same type "a."  Notice also that the type signature given in the sample code is only needed for documentation purposes.  If the signature is left out, Haskell infers all these type constraints automatically.  <code>tailComp</code> meets the right type signature, with the type <code>String</code> being a specialization of the generic type allowed in <code>qsortF</code> arguments (a different comparison function might operate over a different type or type class).</p>

</text-column>
</body>
</panel>

<panel>
<title>First class functions (function factories)</title>
<body>
<example-column>

<code-listing><comment>-- Make an "adder" from an Int</comment>
mkAdder n = addN where addN m = n+m
add7 = mkAdder 7    <comment>-- e.g. 'add7 3' is 10</comment>

<comment>-- Make a function from a mapping; first item in pair maps
-- to second item in pair, all other integers map to zero</comment>
mkFunc :: [(Int,Int)] -&gt; (Int -&gt; Int)
mkFunc []         = (\n -&gt; 0)
mkFunc ((i,j):ps) = (\n -&gt; if n==i then j else (mkFunc ps) n)

f = mkFunc [(1,4),(2,3),(5,7)]
<comment>-- Hugs session:
--   Main&gt; f 1
--   4 :: Int
--   Main&gt; f 3
--   0 :: Int
--   Main&gt; f 5
--   7 :: Int
--   Main&gt; f 37
--   0 :: Int</comment></code-listing>

</example-column>

<text-column>

<p>Passing functions to other functions is only half the power of first class functions.  Functions may also act as <i>factories</i>, and produce new functions as their results.  The ability to create functions with arbitrary capabilities within the program machinery can be quite powerful.  For example, one might computationally produce a new comparison function that, in turn, was passed to the <code>qsortF</code> function in the previous panel.</p>

<p>Often, a means of  creating a function is with <i>lambda notation</i>.  Many languages with functional features use the word "lambda" as the name of the operator, but Haskell uses the backslash character (because it looks somewhat similar to the Greek letter, lambda).  A lambda notation looks much like a type signature.  The arrow indicates that a lambda notation describes a function from one type of thing (the thing following the backslash) to another type of thing (whatever follows the arrow).</p>

<p>The example factory <code>mkFunc</code> packs a fair amount into a short description.  The main thing to notice is that the lambda indicates a function from <code>n</code> to the result.  By the type signature, everything is an <code>Int</code>, although type inference would allow a broader type.  The form of the function definition is primitive recursive.  An empty list produces a result of zero.  A non-empty list produces either the result given by its <code>head</code> pair, or the result that would be produced if only its <code>tail</code> is considered (and the tail eventually shrinks to empty by recursion).</p>

</text-column>
</body>
</panel>
</section>

<section>

<title>Modules and Program Structure</title>

<panel>
<title>Basic syntax</title>
<body>
<text-column>

<p>So far in this tutorial, we have seen quite a bit of Haskell code in an informal way.  In this final section, we make explicit some of what we’ve been doing.  In fact, Haskell's syntax is extremely intuitive and straightforward.  The simplest rule is usually to "write what you mean." </p>

</text-column>
</body>
</panel>

<panel>
<title>Haskell and literate Haskell</title>
<body>
<text-column> 

<p>The examples in this tutorial have used the standard Haskell format.  In the standard format, comments are indicated with a double dash to their left.  All comments in the examples are end-of-line comments, which means that everything following a double dash on a line is a comment.  You may  also create multi-line comments by enclosing blocks in the pair "{-" and "-}".  Standard Haskell files should be named with the <code>.hs</code> extension.</p>

<p><i>Literate scripting</i> is an alternative format for Haskell source files.  In files named with the <code>.lhs</code> extension, all program lines begin with the greater than character.  Everything that is not a program line is a comment.  This style places an emphasis on program description over program implementation.  It looks something like: </p>

<code-listing><comment>Factorial by primitive recursion on decreasing num</comment>

&gt;    fac1 :: Int -&gt; Int
&gt;    fac1 n = if n==1 then 1 else (n * fac1 (n-1))

<comment>Make an "adder" from an Int</comment>

&gt;    mkAdder n = addN where addN m = n+m
&gt;    add7 = mkAdder 7 </code-listing>

</text-column>
</body>
</panel>

<panel>
<title>The offside rule</title>
<body>
<text-column>

<p>Sometimes in Haskell programs, function definitions will span multiple lines and consist of multiple elements.  The rule for blocks of elements at the same conceptual level is that they should be indented the same amount.  Elements that <i>belong to</i> a higher level element should be indented more.  As soon as an <i>outdent</i> occurs, further lines are promoted back up a conceptual level.  In practice, it is obvious, and Haskell will almost always complain on errors.</p>

<code-listing><comment>-- Is a function monotonic over Ints up to n?</comment>
isMonotonic f n
  = mapping == qsort mapping  <comment>-- Is range list the same sorted?</comment>
    where                     <comment>-- "where" clause is indented below "="</comment>
    mapping = map f range     <comment>-- "where" definition remain at least as</comment> 
    range   = [0..n]          <comment>--   indented (more would be OK)</comment>

<comment>-- Iterate a function application n times</comment>
iter n f x
  | n == 0     = x            <comment>-- Guards are indented below func name</comment>
  | otherwise  = f (iter (n-1) f x)</code-listing>

<p>I find that two spaces is a nice looking indentation for a subelement, but you have a lot of freedom in formatting for readability (just don't outdent within the same level).</p>

</text-column>
</body>
</panel>

<panel>
<title>Operator and function precedence</title>
<body>
<text-column>

<p>Operators in Haskell fall into multiple levels of precedence.  Most of these are the same as you would expect from other programming languages.  Multiplication takes precedence over addition, and so on (so "<code>2*3+4</code>" is 10, not 14).  Haskell's standard documentation can provide the details.</p>

<p>There is, however, one "gotcha" in Haskell precedence where it is easy to make a mistake.  Functions take precedence over operators.  The result of this is that the expression "<code>f g 5</code>" means "apply <code>g</code> (and 5) as arguments to f" <b>not</b> "apply the result of <code>(g 5)</code> to <code>f</code>."  Most of the time, this sort of error will produce a compiler error message, since, for example, <code>f</code> will require an <code>Int</code> as an argument rather than another function.  However, sometimes the situation can be worse than this, and you can write something valid but wrong:</p>

<code-listing>double n = n*2
res1 = double 5^2         <comment>-- 'res1' is 100, i.e. (5*2)^2</comment>
res2 = double (5^2)       <comment>-- 'res2' is 50, i.e. (5^2)*2</comment>
res3 = double double 5    <comment>-- Causes a compile-time error</comment>
res4 = double (double 5)  <comment>-- 'res4 is 20, i.e. (5*2)*2</comment></code-listing>

<p>As with other languages, parentheses are extremely useful in disambiguating expressions where you have some doubt about precedence (or just want to document the intention explicitly).  Notice, by the way, that parentheses are <i>not</i> used around function arguments in Haskell; but there is no harm in pretending they are, which just creates an extra expression grouping (as in <code>res2</code> above).</p>

</text-column>
</body>
</panel>

<panel>
<title>Scope of names</title>
<body>
<text-column>

<p>Readers might think there is a conflict between two points in this tutorial.  On the one hand, we have said that names are defined as expressions only once in a program; on the other hand, many of the examples use the same variable names repeatedly.  Both points are true, but need to be refined.</p>

<p>Every name is defined exactly once <i>within a given scope</i>.  Every function definition defines its own scope, and some constructs within definitions define their own narrower scopes.  Fortunately, the "offside rule" that defines subelements also precisely defines variable scoping.  A variable (a name, really) can only occur once <i>with a given indentation block</i>.  Let's see an example, much like previous ones:</p>

<code-listing>x x y                   <comment>-- 'x' as arg is in different scope than func name </comment>
  | y==1      = y*x*z   <comment>-- 'y' from arg scope, but 'x' from 'where' scope</comment>
  | otherwise = x*x     <comment>-- 'x' comes from 'where' scope</comment>
  where
  x = 12                <comment>-- define 'x' within the guards</comment>
  z = 5                 <comment>-- define 'z' within the guards</comment>
n1 = x 1 2              <comment>-- 'n1' is 144 ('x' is the function name)</comment>
n2 = x 33 1             <comment>-- 'n2' is 60  ('x' is the function name)</comment></code-listing>

<p>Needless to say, the example is unnecessarily confusing.  It is worth understanding, however, especially since arguments only have a scope within a particular function definition (and the same names can be used in other function definitions).</p>

</text-column>
</body>
</panel>

<panel>
<title>Breaking down the problem</title>
<body>
<text-column>

<p>One thing you will have noticed is that function definitions in Haskell tend to be extremely short compared to those in other languages.  This is partly due to the concise syntax of Haskell, but a greater reason is because of the emphasis in functional programming of breaking down problems into their component parts (rather than just sort of "doing what needs to be done" at each point in an imperative program).  This encourages reusability of parts, and allows much better verification that each part really does what it is supposed to do.</p>

<p>The small parts of function definitions may be broken out in several ways.  One way is to define a multitude of useful support functions within a source file, and use them as needed.  The examples in this tutorial have mostly done this.  However, there are also two (equivalent) ways of defining support functions within the narrow scope of a single function definition: the <code>let</code> clause and the <code>where</code> clause.  A simple example follows.</p>

<code-listing>f n = n+n*n
f2 n
  = let sq = n*n
    in n+sq
f3 n
  = n+sq
  where sq = n*n</code-listing>

<p>The three definitions are equivalent, but <code>f2</code> and <code>f3</code> chose to define a (trivial) support function <code>sq</code> within the definition scope. </p>

</text-column>
</body>
</panel>

<panel>
<title>Importing/exporting</title>
<body>
<text-column>

<p>Haskell also supports a module system that allows for larger scale modularity of functions (and also for types, which we have not covered in this introductory tutorial).  The two basic elements of module control are specification of imports and specification of exports.  The former is done with the <code>import</code> declaration; the latter with the <code>module</code> declaration.  Some examples include:</p>

<code-listing><comment>-- declare the current module, and export only the objects listed</comment>
module MyNumeric ( isPrime, factorial, primes, sumSquares ) where

import MyStrings    <comment>-- import everything MyStrings has to offer</comment>
                    <comment>-- import only listed functions from MyLists</comment>
import MyLists ( quicksort, findMax, satisfice )
                    <comment>-- import everything in MyTrees EXCEPT normalize</comment>
import MyTrees hiding ( normalize )
                    <comment>-- import MyTuples as qualified names, e.g.</comment>
                    <comment>--   three = MyTuples.third (1,2,3,4,5,6)</comment>
import qualified MyTuples</code-listing>

<p>You can see that Haskell provides considerable, and fine-grained control of where function definitions are visible to other functions.  This module system helps build large-scale componentized systems.</p>

</text-column>
</body>
</panel>
</section>
</tutorial>
