<Entry id="100K_RAT" class="STANDARD" mtype="PRT" seqlen="889">
 <AC>Q62671</AC>
 <Mod date="01-NOV-1997" Rel="35" type="Created"></Mod>>
 <Mod date="01-NOV-1997" Rel="35" type="Last sequence update"></Mod>>
 <Mod date="15-JUL-1999" Rel="38" type="Last annotation update"></Mod>>
 <Descr>100 KD PROTEIN (EC 6.3.2.-)</Descr>
 <Species>Rattus norvegicus (Rat)</Species>
 <Org>Eukaryota</Org>
 <Org>Metazoa</Org>
 <Org>Chordata</Org>
 <Org>Craniata</Org>
 <Org>Vertebrata</Org>
 <Org>Mammalia</Org>
 <Org>Eutheria</Org>
 <Org>Rodentia</Org>
 <Org>Sciurognathi</Org>
 <Org>Muridae</Org>
 <Org>Murinae</Org>
 <Org>Rattus</Org>
 <Ref num="1" pos="SEQUENCE FROM N.A">
  <Comment>STRAIN=WISTAR</Comment>
  <Comment>TISSUE=TESTIS</Comment>
  <DB>MEDLINE</DB>
  <MedlineID>92253337</MedlineID>
  <Author>MUELLER D</Author>
  <Author>REHBEIN M</Author>
  <Author>BAUMEISTER H</Author>
  <Author>RICHTER D</Author>
  <Cite>Nucleic Acids Res. 20:1471-1475(1992)</Cite>
 </Ref>
 <Ref num="2" pos="ERRATUM">
  <Author>MUELLER D</Author>
  <Author>REHBEIN M</Author>
  <Author>BAUMEISTER H</Author>
  <Author>RICHTER D</Author>
  <Cite>Nucleic Acids Res. 20:2624-2624(1992)</Cite>
 </Ref>
 <EMBL prim_id="X64411" sec_id="CAA45756"></EMBL>>
 <PFAM prim_id="PF00632" sec_id="HECT" status="1"></PFAM>>
 <PFAM prim_id="PF00658" sec_id="PABP" status="1"></PFAM>>
 <Keyword>Ubiquitin conjugation</Keyword>
 <Keyword>Ligase</Keyword>
 <Features>
  <DOMAIN from="77" to="88">
   <Descr>ASP/GLU-RICH (ACIDIC)</Descr>
  </DOMAIN>
  <DOMAIN from="127" to="150">
   <Descr>PRO-RICH</Descr>
  </DOMAIN>
  <DOMAIN from="420" to="439">
   <Descr>ARG/GLU-RICH (MIXED CHARGE)</Descr>
  </DOMAIN>
  <DOMAIN from="448" to="457">
   <Descr>ARG/ASP-RICH (MIXED CHARGE)</Descr>
  </DOMAIN>
  <DOMAIN from="485" to="514">
   <Descr>PABP-LIKE</Descr>
  </DOMAIN>
  <DOMAIN from="579" to="590">
   <Descr>ASP/GLU-RICH (ACIDIC)</Descr>
  </DOMAIN>
  <DOMAIN from="786" to="889">
   <Descr>HECT DOMAIN</Descr>
  </DOMAIN>
  <DOMAIN from="827" to="847">
   <Descr>PRO-RICH</Descr>
  </DOMAIN>
  <BINDING from="858" to="858">
   <Descr>UBIQUITIN (BY SIMILARITY)</Descr>
  </BINDING>
 </Features>
</Entry>
<Entry id="104K_THEPA" class="STANDARD" mtype="PRT" seqlen="924">
 <AC>P15711</AC>
 <Mod date="01-APR-1990" Rel="14" type="Created"></Mod>>
 <Mod date="01-APR-1990" Rel="14" type="Last sequence update"></Mod>>
 <Mod date="01-AUG-1992" Rel="23" type="Last annotation update"></Mod>>
 <Descr>104 KD MICRONEME-RHOPTRY ANTIGEN</Descr>
 <Species>Theileria parva</Species>
 <Org>Eukaryota</Org>
 <Org>Alveolata</Org>
 <Org>Apicomplexa</Org>
 <Org>Piroplasmida</Org>
 <Org>Theileriidae</Org>
 <Org>Theileria</Org>
 <Ref num="1" pos="SEQUENCE FROM N.A">
  <Comment>STRAIN=MUGUGA</Comment>
  <DB>MEDLINE</DB>
  <MedlineID>90158697</MedlineID>
  <Author>IAMS K.P</Author>
  <Author>YOUNG J.R</Author>
  <Author>NENE V</Author>
  <Author>DESAI J</Author>
  <Author>WEBSTER P</Author>
  <Author>OLE-MOIYOI O.K</Author>
  <Author>MUSOKE A.J</Author>
  <Cite>Mol. Biochem. Parasitol. 39:47-60(1990)</Cite>
 </Ref>
 <EMBL prim_id="M29954" sec_id="AAA18217"></EMBL>>
 <PIR prim_id="A44945" sec_id="A44945"></PIR>>
 <Keyword>Antigen</Keyword>
 <Keyword>Sporozoite</Keyword>
 <Keyword>Repeat</Keyword>
 <Features>
  <DOMAIN from="1" to="19">
   <Descr>HYDROPHOBIC</Descr>
  </DOMAIN>
  <DOMAIN from="905" to="924">
   <Descr>HYDROPHOBIC</Descr>
  </DOMAIN>
 </Features>
</Entry>
<Entry id="108_LYCES" class="STANDARD" mtype="PRT" seqlen="102">
 <AC>Q43495</AC>
 <Mod date="15-JUL-1999" Rel="38" type="Created"></Mod>>
 <Mod date="15-JUL-1999" Rel="38" type="Last sequence update"></Mod>>
 <Mod date="15-JUL-1999" Rel="38" type="Last annotation update"></Mod>>
 <Descr>PROTEIN 108 PRECURSOR</Descr>
 <Species>Lycopersicon esculentum (Tomato)</Species>
 <Org>Eukaryota</Org>
 <Org>Viridiplantae</Org>
 <Org>Streptophyta</Org>
 <Org>Embryophyta</Org>
 <Org>Tracheophyta</Org>
 <Org>euphyllophytes</Org>
 <Org>Spermatophyta</Org>
 <Org>Magnoliophyta</Org>
 <Org>eudicotyledons</Org>
 <Org>core eudicots</Org>
 <Org>Asteridae</Org>
 <Org>euasterids I</Org>
 <Org>Solanales</Org>
 <Org>Solanaceae</Org>
 <Org>Solanum</Org>
 <Ref num="1" pos="SEQUENCE FROM N.A">
  <Comment>STRAIN=CV. VF36</Comment>
  <Comment>TISSUE=ANTHER</Comment>
  <DB>MEDLINE</DB>
  <MedlineID>94143497</MedlineID>
  <Author>CHEN R</Author>
  <Author>SMITH A.G</Author>
  <Cite>Plant Physiol. 101:1413-1413(1993)</Cite>
 </Ref>
 <EMBL prim_id="Z14088" sec_id="CAA78466"></EMBL>>
 <MENDEL prim_id="8853" sec_id="LYCes" status="1133"></MENDEL>>
 <Keyword>Signal</Keyword>
 <Features>
  <SIGNAL from="1" to="30">
   <Descr>POTENTIAL</Descr>
  </SIGNAL>
  <CHAIN from="31" to="102">
   <Descr>PROTEIN 108</Descr>
  </CHAIN>
  <DISULFID from="41" to="77">
   <Descr>BY SIMILARITY</Descr>
  </DISULFID>
  <DISULFID from="51" to="66">
   <Descr>BY SIMILARITY</Descr>
  </DISULFID>
  <DISULFID from="67" to="92">
   <Descr>BY SIMILARITY</Descr>
  </DISULFID>
  <DISULFID from="79" to="99">
   <Descr>BY SIMILARITY</Descr>
  </DISULFID>
 </Features>
</Entry>
<Entry id="10KD_VIGUN" class="STANDARD" mtype="PRT" seqlen="75">
 <AC>P18646</AC>
 <Mod date="01-NOV-1990" Rel="16" type="Created"></Mod>>
 <Mod date="01-NOV-1990" Rel="16" type="Last sequence update"></Mod>>
 <Mod date="01-FEB-1995" Rel="31" type="Last annotation update"></Mod>>
 <Descr>10 KD PROTEIN PRECURSOR (CLONE PSAS10)</Descr>
 <Species>Vigna unguiculata (Cowpea)</Species>
 <Org>Eukaryota</Org>
 <Org>Viridiplantae</Org>
 <Org>Streptophyta</Org>
 <Org>Embryophyta</Org>
 <Org>Tracheophyta</Org>
 <Org>euphyllophytes</Org>
 <Org>Spermatophyta</Org>
 <Org>Magnoliophyta</Org>
 <Org>eudicotyledons</Org>
 <Org>core eudicots</Org>
 <Org>Rosidae</Org>
 <Org>eurosids I</Org>
 <Org>Fabales</Org>
 <Org>Fabaceae</Org>
 <Org>Papilionoideae</Org>
 <Org>Vigna</Org>
 <Ref num="1" pos="SEQUENCE FROM N.A">
  <Comment>TISSUE=COTYLEDON</Comment>
  <DB>MEDLINE</DB>
  <MedlineID>91355865</MedlineID>
  <Author>ISHIBASHI N</Author>
  <Author>YAMAUCHI D</Author>
  <Author>MINIAMIKAWA T</Author>
  <Cite>Plant Mol. Biol. 15:59-64(1990)</Cite>
 </Ref>
 <EMBL prim_id="X16877" sec_id="CAA34760"></EMBL>>
 <PIR prim_id="S11156" sec_id="S11156"></PIR>>
 <HSSP prim_id="P45639" sec_id="1CHL"></HSSP>>
 <PFAM prim_id="PF00304" sec_id="Gamma-thionin" status="1"></PFAM>>
 <PROSITE prim_id="PS00940" sec_id="GAMMA_THIONIN" status="1"></PROSITE>>
 <Keyword>Germination</Keyword>
 <Keyword>Signal</Keyword>
 <Features>
  <SIGNAL from="1" to="?">
   <Descr>POTENTIAL</Descr>
  </SIGNAL>
  <CHAIN from="?" to="75">
   <Descr>10 KD PROTEIN</Descr>
  </CHAIN>
  <DISULFID from="31" to="75">
   <Descr>BY SIMILARITY</Descr>
  </DISULFID>
  <DISULFID from="42" to="63">
   <Descr>BY SIMILARITY</Descr>
  </DISULFID>
  <DISULFID from="48" to="69">
   <Descr>BY SIMILARITY</Descr>
  </DISULFID>
  <DISULFID from="52" to="71">
   <Descr>BY SIMILARITY</Descr>
  </DISULFID>
 </Features>
</Entry>
<Entry id="110K_PLAKN" class="STANDARD" mtype="PRT" seqlen="296">
 <AC>P13813</AC>
 <Mod date="01-JAN-1990" Rel="13" type="Created"></Mod>>
 <Mod date="01-JAN-1990" Rel="13" type="Last sequence update"></Mod>>
 <Mod date="01-FEB-1994" Rel="28" type="Last annotation update"></Mod>>
 <Descr>110 KD ANTIGEN (PK110) (FRAGMENT)</Descr>
 <Species>Plasmodium knowlesi</Species>
 <Org>Eukaryota</Org>
 <Org>Alveolata</Org>
 <Org>Apicomplexa</Org>
 <Org>Haemosporida</Org>
 <Org>Plasmodium</Org>
 <Ref num="1" pos="SEQUENCE FROM N.A">
  <DB>MEDLINE</DB>
  <MedlineID>88039002</MedlineID>
  <Author>PERLER F.B</Author>
  <Author>MOON A.M</Author>
  <Author>QIANG B.Q</Author>
  <Author>MEDA M</Author>
  <Author>DALTON M</Author>
  <Author>CARD C</Author>
  <Author>SCHMIDT-ULLRICH R</Author>
  <Author>WALLACH D</Author>
  <Author>LYNCH J</Author>
  <Author>DONELSON J.E</Author>
  <Cite>Mol. Biochem. Parasitol. 25:185-193(1987)</Cite>
 </Ref>
 <EMBL prim_id="M19152" sec_id="AAA29471"></EMBL>>
 <PIR prim_id="A54527" sec_id="A54527"></PIR>>
 <Keyword>Malaria</Keyword>
 <Keyword>Antigen</Keyword>
 <Keyword>Repeat</Keyword>
 <Features>
  <NON_TER from="1" to="1"></NON_TER>>
  <DOMAIN from="131" to="296">
   <Descr>13.5 X 12 AA TANDEM REPEATS OF E-E-T-Q-K-</Descr>
   <Descr>T-V-E-P-E-Q-T</Descr>
  </DOMAIN>
 </Features>
</Entry>
<Entry id="11S3_HELAN" class="STANDARD" mtype="PRT" seqlen="493">
 <AC>P19084</AC>
 <Mod date="01-NOV-1990" Rel="16" type="Created"></Mod>>
 <Mod date="01-NOV-1990" Rel="16" type="Last sequence update"></Mod>>
 <Mod date="01-FEB-1994" Rel="28" type="Last annotation update"></Mod>>
 <Descr>11S GLOBULIN SEED STORAGE PROTEIN G3 PRECURSOR (HELIANTHININ G3)</Descr>
 <Gene>HAG3</Gene>
 <Species>Helianthus annuus (Common sunflower)</Species>
 <Org>Eukaryota</Org>
 <Org>Viridiplantae</Org>
 <Org>Streptophyta</Org>
 <Org>Embryophyta</Org>
 <Org>Tracheophyta</Org>
 <Org>euphyllophytes</Org>
 <Org>Spermatophyta</Org>
 <Org>Magnoliophyta</Org>
 <Org>eudicotyledons</Org>
 <Org>core eudicots</Org>
 <Org>Asteridae</Org>
 <Org>euasterids II</Org>
 <Org>Asterales</Org>
 <Org>Asteraceae</Org>
 <Org>Helianthus</Org>
 <Ref num="1" pos="SEQUENCE FROM N.A">
  <DB>MEDLINE</DB>
  <MedlineID>89232734</MedlineID>
  <Author>VONDER HARR R.A</Author>
  <Author>ALLEN R.D</Author>
  <Author>COHEN E.A</Author>
  <Author>NESSLER C.L</Author>
  <Author>THOMAS T.L</Author>
  <Cite>Gene 74:433-443(1988)</Cite>
 </Ref>
 <EMBL prim_id="M28832" sec_id="AAA33374"></EMBL>>
 <PIR prim_id="JA0089" sec_id="JA0089"></PIR>>
 <PFAM prim_id="PF00190" sec_id="Seedstore_11s" status="1"></PFAM>>
 <PROSITE prim_id="PS00305" sec_id="11S_SEED_STORAGE" status="1"></PROSITE>>
 <Keyword>Seed storage protein</Keyword>
 <Keyword>Multigene family</Keyword>
 <Keyword>Signal</Keyword>
 <Features>
  <SIGNAL from="1" to="20"></SIGNAL>>
  <CHAIN from="21" to="305">
   <Descr>ACIDIC CHAIN</Descr>
  </CHAIN>
  <CHAIN from="306" to="493">
   <Descr>BASIC CHAIN</Descr>
  </CHAIN>
  <DISULFID from="103" to="312">
   <Descr>INTERCHAIN (ACIDIC-BASIC) (POTENTIAL)</Descr>
  </DISULFID>
  <DOMAIN from="23" to="35">
   <Descr>GLN-RICH</Descr>
  </DOMAIN>
  <DOMAIN from="111" to="127">
   <Descr>GLN/GLY-RICH</Descr>
  </DOMAIN>
  <DOMAIN from="191" to="297">
   <Descr>GLN-RICH</Descr>
  </DOMAIN>
 </Features>
</Entry>
