<FILE name="..\..\xmldata\treebank.dat">
 <EMPTY>
  <S>
   <NP>
    <JJ>Federal</JJ>
    <NN>health</NN>
    <NNS>officials</NNS>
   </NP>
   <VBP>are</VBP>
   <VP>
    <VBN>expected</VBN>
    <NP>
     <NN>today</NN>
    </NP>
    <S>
     <NP>
      <-NONE->*</-NONE->
     </NP>
     <TO>to</TO>
     <VP>
      <VB>approve</VB>
      <NP>
       <NP>
        <DT>a</DT>
        <NN>program</NN>
       </NP>
       <VP>
        <VBG>granting</VBG>
        <NP>
         <JJ>long-deferred</JJ>
         <NN>access</NN>
         <PP>
          <TO>to</TO>
          <NP>
           <NP>
            <DT>the</DT>
            <NN>drug</NN>
           </NP>
           <NP>
            <NNP>AZT</NNP>
           </NP>
          </NP>
         </PP>
         <PP>
          <IN>for</IN>
          <NP>
           <NNS>children</NNS>
           <PP>
            <IN>with</IN>
            <NP>
             <VBN>acquired</VBN>
             <JJ>immune</JJ>
             <NN>deficiency</NN>
             <NN>syndrome</NN>
            </NP>
           </PP>
          </NP>
         </PP>
        </NP>
       </VP>
      </NP>
     </VP>
    </S>
   </VP>
  </S>
  <.>.</.>
 </EMPTY>
 <EMPTY>
  <S>
   <NP>
    <NN>Announcement</NN>
    <PP>
     <IN>of</IN>
     <NP>
      <DT>the</DT>
      <NN>approval</NN>
     </NP>
    </PP>
   </NP>
   <VBZ>is</VBZ>
   <VP>
    <VBN>expected</VBN>
    <S>
     <NP>
      <-NONE->*</-NONE->
     </NP>
     <TO>to</TO>
     <VP>
      <VB>be</VB>
      <VP>
       <VBN>made</VBN>
       <PP>
        <IN>by</IN>
        <NP>
         <NP>
          <NNP>Louis</NNP>
          <NNP>Sullivan</NNP>
         </NP>
         <,>,</,>
         <NP>
          <NN>secretary</NN>
          <PP>
           <IN>of</IN>
           <NP>
            <NNP>Health</NNP>
            <CC>and</CC>
            <NNP>Human</NNP>
            <NNPS>Services</NNPS>
           </NP>
          </PP>
         </NP>
        </NP>
       </PP>
      </VP>
     </VP>
    </S>
   </VP>
  </S>
  <.>.</.>
 </EMPTY>
 <EMPTY>
  <S>
   <NP>
    <DT>The</DT>
    <NN>clearance</NN>
    <PP>
     <IN>by</IN>
     <NP>
      <DT>the</DT>
      <NNP>Food</NNP>
      <CC>and</CC>
      <NNP>Drug</NNP>
      <NNP>Administration</NNP>
     </NP>
    </PP>
   </NP>
   <VP>
    <VBZ>comes</VBZ>
    <PP>
     <IN>after</IN>
     <NP>
      <CD>two</CD>
      <NNS>years</NNS>
      <PP>
       <IN>of</IN>
       <NP>
        <JJ>restricted</JJ>
        <NN>access</NN>
        <PP>
         <IN>for</IN>
         <NP>
          <DT>the</DT>
          <JJS>youngest</JJS>
          <NNS>victims</NNS>
          <PP>
           <IN>of</IN>
           <NP>
            <NNP>AIDS</NNP>
           </NP>
          </PP>
         </NP>
        </PP>
        <PP>
         <TO>to</TO>
         <NP>
          <NP>
           <DT>the</DT>
           <RB>only</RB>
           <JJ>antiviral</JJ>
           <NN>drug</NN>
          </NP>
          <VP>
           <RB>yet</RB>
           <VBN>cleared</VBN>
           <S>
            <NP>
             <-NONE->*</-NONE->
            </NP>
            <TO>to</TO>
            <VP>
             <VB>treat</VB>
             <NP>
              <DT>the</DT>
              <JJ>fatal</JJ>
              <NN>disease</NN>
             </NP>
            </VP>
           </S>
          </VP>
         </NP>
        </PP>
       </NP>
      </PP>
     </NP>
    </PP>
   </VP>
  </S>
  <.>.</.>
 </EMPTY>
 <EMPTY>
  <S>
   <NP>
    <DT>The</DT>
    <NN>drug</NN>
   </NP>
   <MD>will</MD>
   <VP>
    <VB>be</VB>
    <VP>
     <VBN>given</VBN>
     <NP>
      <NP>
       <NN>treatment</NN>
       <JJ>investigational</JJ>
       <JJ>new</JJ>
       <NN>drug</NN>
       <NN>status</NN>
      </NP>
      <,>,</,>
      <NP>
       <NP>
        <DT>a</DT>
        <NN>label</NN>
       </NP>
       <VP>
        <VBN>accorded</VBN>
        <PP>
         <TO>to</TO>
         <NP>
          <NP>
           <NNS>drugs</NNS>
          </NP>
          <VP>
           <VP>
            <VBN>believed</VBN>
            <ADJP>
             <JJ>effective</JJ>
            </ADJP>
           </VP>
           <CC>but</CC>
           <VP>
            <VBG>lacking</VBG>
            <NP>
             <JJ>formal</JJ>
             <NN>approval</NN>
            </NP>
           </VP>
          </VP>
         </NP>
        </PP>
       </VP>
      </NP>
     </NP>
    </VP>
   </VP>
  </S>
  <.>.</.>
 </EMPTY>
 <EMPTY>
  <S>
   <NP>
    <DT>The</DT>
    <NN>move</NN>
   </NP>
   <MD>will</MD>
   <VP>
    <VB>make</VB>
    <NP>
     <DT>the</DT>
     <NN>drug</NN>
    </NP>
    <ADJP>
     <JJ>available</JJ>
     <ADJP>
      <JJ>free</JJ>
      <PP>
       <IN>of</IN>
       <NP>
        <NN>charge</NN>
       </NP>
      </PP>
     </ADJP>
     <PP>
      <IN>for</IN>
      <NP>
       <DT>a</DT>
       <NN>time</NN>
      </NP>
     </PP>
     <PP>
      <TO>to</TO>
      <NP>
       <NNS>children</NNS>
       <PP>
        <IN>with</IN>
        <NP>
         <NP>
          <DT>the</DT>
          <NN>disease</NN>
         </NP>
         <CC>and</CC>
         <NP>
          <NNS>symptoms</NNS>
          <PP>
           <IN>of</IN>
           <NP>
            <JJ>advanced</JJ>
            <NN>infection</NN>
           </NP>
          </PP>
         </NP>
        </NP>
       </PP>
      </NP>
     </PP>
    </ADJP>
   </VP>
  </S>
  <.>.</.>
 </EMPTY>
 <EMPTY>
  <S>
   <S>
    <NP>
     <NNS>Adults</NNS>
     <PP>
      <IN>with</IN>
      <NP>
       <NNP>AIDS</NNP>
      </NP>
     </PP>
    </NP>
    <VBP>have</VBP>
    <VP>
     <VBN>had</VBN>
     <NP>
      <NN>access</NN>
      <PP>
       <TO>to</TO>
       <NP>
        <NNP>AZT</NNP>
       </NP>
      </PP>
     </NP>
    </VP>
   </S>
   <SBAR>
    <IN>since</IN>
    <S>
     <NP>
      <NNP>FDA</NNP>
     </NP>
     <VP>
      <VBD>approved</VBD>
      <NP>
       <NP>
        <DT>the</DT>
        <NN>drug</NN>
       </NP>
       <POS>'s</POS>
       <NN>usage</NN>
       <PP>
        <IN>for</IN>
        <NP>
         <NNS>adults</NNS>
        </NP>
       </PP>
      </NP>
     </VP>
     <PP>
      <IN>in</IN>
      <NP>
       <NNP>March</NNP>
       <CD>1987</CD>
      </NP>
     </PP>
    </S>
   </SBAR>
  </S>
  <.>.</.>
 </EMPTY>
</FILE>
